{"players": [{"account_id": 898754153, "player_slot": 0, "team_number": 0, "team_slot": 0, "hero_id": 1, "item_0": 1097, "item_1": 147, "item_2": 63, "item_3": 145, "item_4": 139, "item_5": 108, "backpack_0": 4204, "backpack_1": 0, "backpack_2": 0, "item_neutral": 309, "kills": 4, "deaths": 3, "assists": 6, "leaver_status": 0, "last_hits": 525, "denies": 21, "gold_per_min": 709, "xp_per_min": 820, "level": 25, "net_worth": 27442, "aghanims_scepter": 0, "aghanims_shard": 0, "moonshard": 0, "hero_damage": 14620, "tower_damage": 4817, "hero_healing": 0, "gold": 1542, "gold_spent": 27510, "ability_upgrades_arr": [5003, 5004, 5003, 7314, 5004, 5006, 5004, 5004, 5003, 6250, 5003, 5006, 7314, 7314, 6012, 7314, 5006, 6606, 6353], "personaname": "^^", "name": "Ame^^", "last_login": null, "radiant_win": false, "start_time": 1709997364, "duration": 2527, "cluster": 272, "lobby_type": 1, "game_mode": 2, "is_contributor": false, "patch": 54, "region": 3, "isRadiant": true, "win": 0, "lose": 1, "total_gold": 29860, "total_xp": 34535, "kills_per_min": 0.09497427779976256, "kda": 2.5, "abandons": 0, "rank_tier": 80, "is_subscriber": false, "benchmarks": {"gold_per_min": {"raw": 709, "pct": 0.6640846888716757}, "xp_per_min": {"raw": 820, "pct": 0.43557965401497545}, "kills_per_min": {"raw": 0.09497427779976256, "pct": 0.19932868577330234}, "last_hits_per_min": {"raw": 12.465373961218836, "pct": 0.9496514329976762}, "hero_damage_per_min": {"raw": 347.13098535813214, "pct": 0.2865995352439969}, "hero_healing_per_min": {"raw": 0, "pct": 0.9646269042086238}, "tower_damage": {"raw": 4817, "pct": 0.46423960753937515}}}, {"account_id": 137129583, "player_slot": 1, "team_number": 0, "team_slot": 1, "hero_id": 137, "item_0": 50, "item_1": 108, "item_2": 127, "item_3": 116, "item_4": 36, "item_5": 692, "backpack_0": 0, "backpack_1": 0, "backpack_2": 0, "item_neutral": 825, "kills": 1, "deaths": 6, "assists": 5, "leaver_status": 0, "last_hits": 291, "denies": 8, "gold_per_min": 446, "xp_per_min": 544, "level": 20, "net_worth": 16604, "aghanims_scepter": 0, "aghanims_shard": 0, "moonshard": 0, "hero_damage": 19902, "tower_damage": 0, "hero_healing": 0, "gold": 604, "gold_spent": 18100, "ability_upgrades_arr": [992, 994, 994, 992, 994, 996, 994, 992, 992, 7741, 995, 996, 995, 995, 7740, 995, 996, 7744], "personaname": "^", "name": "Xm", "last_login": "2019-02-03T11:56:03.136Z", "radiant_win": false, "start_time": 1709997364, "duration": 2527, "cluster": 272, "lobby_type": 1, "game_mode": 2, "is_contributor": false, "patch": 54, "region": 3, "isRadiant": true, "win": 0, "lose": 1, "total_gold": 18784, "total_xp": 22911, "kills_per_min": 0.02374356944994064, "kda": 0.86, "abandons": 0, "rank_tier": 80, "is_subscriber": false, "benchmarks": {"gold_per_min": {"raw": 446, "pct": 0.43918426802621996}, "xp_per_min": {"raw": 544, "pct": 0.35396941005098326}, "kills_per_min": {"raw": 0.02374356944994064, "pct": 0.02986161689730517}, "last_hits_per_min": {"raw": 6.909378709932727, "pct": 0.9715950473415877}, "hero_damage_per_min": {"raw": 472.54451919271867, "pct": 0.2891478514202476}, "hero_healing_per_min": {"raw": 0, "pct": 0.9308084486525856}, "tower_damage": {"raw": 0, "pct": 0.14275309541150766}}}, {"account_id": 129958758, "player_slot": 2, "team_number": 0, "team_slot": 2, "hero_id": 33, "item_0": 36, "item_1": 1, "item_2": 81, "item_3": 48, "item_4": 116, "item_5": 108, "backpack_0": 0, "backpack_1": 0, "backpack_2": 0, "item_neutral": 2190, "kills": 5, "deaths": 5, "assists": 5, "leaver_status": 0, "last_hits": 321, "denies": 31, "gold_per_min": 477, "xp_per_min": 442, "level": 18, "net_worth": 19149, "aghanims_scepter": 0, "aghanims_shard": 1, "moonshard": 0, "hero_damage": 21370, "tower_damage": 1277, "hero_healing": 1070, "gold": 2099, "gold_spent": 19340, "ability_upgrades_arr": [5147, 5146, 5147, 5146, 5147, 5149, 5147, 5146, 5146, 346, 5148, 5149, 5148, 5148, 5903, 5148, 5149], "personaname": ")", "name": "Xxs", "last_login": null, "radiant_win": false, "start_time": 1709997364, "duration": 2527, "cluster": 272, "lobby_type": 1, "game_mode": 2, "is_contributor": false, "patch": 54, "region": 3, "isRadiant": true, "win": 0, "lose": 1, "total_gold": 20089, "total_xp": 18615, "kills_per_min": 0.1187178472497032, "kda": 1.67, "abandons": 0, "rank_tier": 80, "is_subscriber": false, "benchmarks": {"gold_per_min": {"raw": 477, "pct": 0.8403441682600382}, "xp_per_min": {"raw": 442, "pct": 0.33078393881453155}, "kills_per_min": {"raw": 0.1187178472497032, "pct": 0.6166347992351816}, "last_hits_per_min": {"raw": 7.621685793430945, "pct": 0.9961759082217974}, "hero_damage_per_min": {"raw": 507.40007914523153, "pct": 0.4560229445506692}, "hero_healing_per_min": {"raw": 25.40561931143649, "pct": 0.7944550669216062}, "tower_damage": {"raw": 1277, "pct": 0.47036328871892924}}}, {"account_id": 157475523, "player_slot": 3, "team_number": 0, "team_slot": 3, "hero_id": 19, "item_0": 1, "item_1": 100, "item_2": 102, "item_3": 29, "item_4": 40, "item_5": 188, "backpack_0": 218, "backpack_1": 0, "backpack_2": 0, "item_neutral": 825, "kills": 3, "deaths": 6, "assists": 4, "leaver_status": 0, "last_hits": 116, "denies": 4, "gold_per_min": 305, "xp_per_min": 426, "level": 18, "net_worth": 11050, "aghanims_scepter": 0, "aghanims_shard": 0, "moonshard": 0, "hero_damage": 11000, "tower_damage": 232, "hero_healing": 250, "gold": 3195, "gold_spent": 11690, "ability_upgrades_arr": [5108, 5106, 5107, 5106, 5106, 5109, 5106, 5107, 5107, 5107, 5918, 5109, 6937, 5108, 6153, 6937, 5109], "personaname": "\u6bdb\u5904\u9664\u4e09\u5bb3", "name": "XinQ", "last_login": null, "radiant_win": false, "start_time": 1709997364, "duration": 2527, "cluster": 272, "lobby_type": 1, "game_mode": 2, "is_contributor": false, "patch": 54, "region": 3, "isRadiant": true, "win": 0, "lose": 1, "total_gold": 12845, "total_xp": 17941, "kills_per_min": 0.07123070834982193, "kda": 1, "abandons": 0, "rank_tier": 80, "is_subscriber": false, "benchmarks": {"gold_per_min": {"raw": 305, "pct": 0.12981744421906694}, "xp_per_min": {"raw": 426, "pct": 0.15821501014198783}, "kills_per_min": {"raw": 0.07123070834982193, "pct": 0.19219066937119675}, "last_hits_per_min": {"raw": 2.7542540561931146, "pct": 0.38894523326572006}, "hero_damage_per_min": {"raw": 261.1792639493471, "pct": 0.060851926977687626}, "hero_healing_per_min": {"raw": 5.93589236248516, "pct": 0.9411764705882353}, "tower_damage": {"raw": 232, "pct": 0.2768762677484787}}}, {"account_id": 143693439, "player_slot": 4, "team_number": 0, "team_slot": 4, "hero_id": 109, "item_0": 92, "item_1": 218, "item_2": 244, "item_3": 90, "item_4": 75, "item_5": 214, "backpack_0": 0, "backpack_1": 0, "backpack_2": 0, "item_neutral": 573, "kills": 2, "deaths": 7, "assists": 10, "leaver_status": 0, "last_hits": 52, "denies": 4, "gold_per_min": 225, "xp_per_min": 330, "level": 15, "net_worth": 8180, "aghanims_scepter": 0, "aghanims_shard": 1, "moonshard": 0, "hero_damage": 10619, "tower_damage": 437, "hero_healing": 0, "gold": 345, "gold_spent": 9925, "ability_upgrades_arr": [5619, 5621, 5620, 5619, 5619, 5622, 5619, 5620, 5620, 6942, 5620, 5622, 5621, 5621, 924], "personaname": "MC\u5b50\u9f99", "name": "Dy", "last_login": null, "radiant_win": false, "start_time": 1709997364, "duration": 2527, "cluster": 272, "lobby_type": 1, "game_mode": 2, "is_contributor": false, "patch": 54, "region": 3, "isRadiant": true, "win": 0, "lose": 1, "total_gold": 9476, "total_xp": 13898, "kills_per_min": 0.04748713889988128, "kda": 1.5, "abandons": 0, "rank_tier": 80, "is_subscriber": false, "benchmarks": {"gold_per_min": {"raw": 225, "pct": 0.03384418901660281}, "xp_per_min": {"raw": 330, "pct": 0.08301404853128991}, "kills_per_min": {"raw": 0.04748713889988128, "pct": 0.12579821200510855}, "last_hits_per_min": {"raw": 1.2346656113969132, "pct": 0.1417624521072797}, "hero_damage_per_min": {"raw": 252.13296398891964, "pct": 0.05172413793103448}, "hero_healing_per_min": {"raw": 0, "pct": 0.6104725415070242},